outcome,claim,term,beta_per_sd,se,ci_lo,ci_hi,p
y_log_ratings,single_focal_point,sal_gini,-0.020664659385682467,0.003154006549402445,-0.02684639862951471,-0.014482920141850224,5.68187662202297e-11
y_log_ratings,text_bg_contrast,title_contrast_ratio,0.010574351529195307,0.0030636261171803243,0.004569754677425583,0.01657894838096503,0.0005573139083658202
y_log_ratings,typographic_simplicity,text_block_count,0.0062027728858926635,0.003218016606553161,-0.00010442376460333396,0.012509969536388662,0.053915573129153696
y_log_ratings,thumbnail_legibility,legib_box_retention,-0.0066186257073151495,0.0031237907673529997,-0.012741143106565767,-0.0004961083080645317,0.03410905547428899
y_log_ratings,low_clutter,clutter_z,-0.008647349755709001,0.003616684967039086,-0.015735922034533043,-0.0015587774768849594,0.016804375130258415
y_rating,single_focal_point,sal_gini,0.0013526558237962833,0.001499569127361714,-0.0015864456581608333,0.0042917573057534,0.3670411144193487
y_rating,text_bg_contrast,title_contrast_ratio,0.002987858830205737,0.0015086930569210213,3.087477491489762e-05,0.005944842885496576,0.047655392521939954
y_rating,typographic_simplicity,text_block_count,0.0002061131693366896,0.0015077822916110756,-0.002749085818748288,0.003161312157421667,0.8912682807455753
y_rating,thumbnail_legibility,legib_box_retention,-0.00585329332626629,0.0015480198571868272,-0.008887356493705308,-0.0028192301588272706,0.00015610636908655742
y_rating,low_clutter,clutter_z,0.0008897617342568317,0.0017771308207968498,-0.002593350670321099,0.004372874138834762,0.6166011525855988
