outcome,claim,term,beta_within,se,p
y_log_ratings,single_focal_point,sal_gini,-0.009457132911032586,0.003702505346202288,0.010641610625952723
y_log_ratings,text_bg_contrast,title_contrast_ratio,0.009249399055691904,0.003378899986134656,0.006192704277708016
y_log_ratings,typographic_simplicity,text_block_count,0.002862091065030034,0.0037250907363997813,0.44229241560392607
y_log_ratings,thumbnail_legibility,legib_box_retention,-0.004475708187082665,0.003519389251826011,0.20346954292418862
y_log_ratings,low_clutter,clutter_z,-0.01678260627786077,0.0045238602549676895,0.00020742494099337336
y_rating,single_focal_point,sal_gini,-0.0001809559797212783,0.0016539662914395825,0.912879447070047
y_rating,text_bg_contrast,title_contrast_ratio,-0.000600099807235681,0.0015332843341083302,0.695514934816606
y_rating,typographic_simplicity,text_block_count,0.0011758052583718003,0.0016639821074163604,0.47980182679525907
y_rating,thumbnail_legibility,legib_box_retention,-0.00489865308244998,0.001650743201348786,0.00300189313892543
y_rating,low_clutter,clutter_z,0.0014310667430338555,0.0019131411665978047,0.45444844479313884
